<?xml version="1.0" encoding="ISO-8859-1" ?>
<lesson title="Lektion 4: Texture-Mapping">
<html file="lesson4\index.html"/>
	<vertexshader file="lesson4\vertexshader.vert" solution="lesson4\solution.vert"/>
	<pixelshader file="lesson4\pixelshader.frag" solution="lesson4\solution.frag"/>
	<gl>
		<background color="#808080"/>
		<object type="flag" stacks="12" slices="20"/>
		<update interval="1"/>
	</gl>
	<texture file="lesson4\sh_flagge.png" uniform="tex0"/>
	<texture file="lesson4\sh_flagge_alpha.png" uniform="tex1"/>
</lesson>
