<?xml version="1.0" encoding="UTF-8"?><?xml-stylesheet type='text/xsl' href='_UpgradeReport_Files/UpgradeReport.xslt'?><UpgradeLog>
<Properties><Property Name="Solution" Value="ShaderSchool">
</Property><Property Name="Solution File" Value="C:\MyUsers\My Dropbox\jedavis\docs\class\cmps160_aut13\Shaders\ShaderSchool_submission_data_06-07-2007_03552\ShaderSchool\source\ShaderSchool.sln">
</Property><Property Name="Date" Value="Tuesday, November 12, 2013">
</Property><Property Name="Time" Value="15:47 PM">
</Property></Properties><Event ErrorLevel="0" Project="" Source="ShaderSchool.sln" Description="Solution converted successfully">
</Event><Event ErrorLevel="3" Project="" Source="ShaderSchool.sln" Description="Converted">
</Event></UpgradeLog>